,license_name,billing_period,arpa,aov,acl,mcr,ltv,rev_con,yearAov
0,enterprise,month,8.744985714285715,11.054485714285715,4.571297776536701,0.22,39.84058113321022,0.49736368883718257,50.533
1,enterprise,year,12.465371428571428,19.985871428571425,2.672668459405888,0.39105,27.628307715473305,0.07579014141943742,53.416
2,smart,month,3.0030714285714284,3.519414285714286,5.287612119549674,0.19045,15.71942442944978,0.08395526928081595,18.609
3,smart,year,20.608414285714286,24.876028571428574,5.425347479755956,0.19540000000000002,110.34267481146458,0.15422628473869,134.961
4,smart plus,month,5.908685714285714,8.99,2.396438025079139,0.434975,17.31260444372707,0.14823259979718362,21.544
5,smart plus,year,13.811885714285713,16.402742857142858,8.107023498490365,0.13085000000000002,117.26695040832684,0.040432015926690365,132.977
